<metadata>
  <title><![CDATA[ More Saved Crew Positions]]></title>
  <threadUrl><![CDATA[https://ftlmultiverse.boards.net/thread/119/mv-5-letterbox-small-mods]]></threadUrl>
  <author><![CDATA[ Limrix ]]></author>
  <version><![CDATA[ 0.2 ]]></version>
  <description>
<![CDATA[
Adds two more sets of saved positions for crew extending left from the existing keys, with , and . saving positions, and ; and ' returning them.
These do not persist if you quit out during a run, and must be re-applied.

Requires Lightweight Lua.
]]>
  </description>
</metadata>
