<metadata>
  <title><![CDATA[ Selectively Independent Crew Control]]></title>
  <threadUrl><![CDATA[https://ftlmultiverse.boards.net/thread/119/mv-5-letterbox-small-mods]]></threadUrl>
  <author><![CDATA[ Limrix ]]></author>
  <version><![CDATA[ 1.0 ]]></version>
  <description>
<![CDATA[
Allows you to set specific crew members as independent agents who will use the in-game AI system for crew.
To toggle this feature, select the crew you wish to gain or release control of and press ctrl-I.
Does not allow you to control non-controllable crew.

Requires Lightweight Lua.
]]>
  </description>
</metadata>
